{"ACALD":-5.659436195170324e-9,"PTAr":3.414012626144585e-9,"ALCD2x":-1.4328024410767017e-9,"PDH":9.28253285279577,"PYK":1.758177543555837,"CO2t":-22.80983339307183,"EX_nh4_e":-4.76531917094224,"MALt2_2":-0.0,"CS":6.007249566563287,"PGM":-14.716139537265647,"TKT1":1.4969838027791664,"EX_mal__L_e":-0.0,"ACONTa":6.007249566563276,"EX_pi_e":-3.2148950303974795,"GLNS":0.22346174712460223,"ICL":2.897854191358317e-7,"EX_o2_e":-21.799492758430517,"FBA":7.47738191899641,"EX_gln__L_e":-0.0,"EX_glc__D_e":-9.999999996838836,"SUCCt3":2.5504803495883093e-8,"FORt2":1.1435800916283322e-7,"G6PDH2r":4.959985078605381,"AKGDH":5.064375360760084,"TKT2":1.1814981404599914,"FRD7":489.99969330692943,"SUCOAS":-5.0643753607600726,"BIOMASS_Ecoli_core_w_GAM":0.8739215022690006,"FBP":1.5089836369509122e-8,"ICDHyr":6.007249276777842,"AKGt2r":-3.849844863553475e-9,"GLUSy":9.044939864116662e-9,"TPI":7.477381918996394,"FORt":-1.3318813807359423e-7,"ACONTb":6.007249566563267,"EX_ac_e":3.4140262458831735e-9,"GLNabc":-0.0,"EX_akg_e":3.849843346024909e-9,"EX_fru_e":-0.0,"RPE":2.6784819432392064,"ACKr":-3.414017451802728e-9,"THD2":3.3738356029388387e-7,"PFL":1.883012991628257e-8,"RPI":-2.2815031353660924,"D_LACt2":-2.3918656139015223e-9,"TALA":1.4969838027791247,"EX_glu__L_e":3.3699033880415975e-9,"ATPM":8.390000009597072,"PPCK":5.8822113986976206e-8,"ACt2r":-3.414021625217641e-9,"EX_etoh_e":1.432818074988885e-9,"NH4t":4.76531917094224,"PGL":4.959985078605351,"NADTRHD":5.38809678828896e-7,"PGK":-16.023526104660103,"LDH_D":-2.39185824481491e-9,"ME1":4.8177686193942304e-8,"PIt2r":3.2148950303974795,"EX_h2o_e":29.175827202663395,"EX_succ_e":1.530723326712517e-9,"ATPS4r":45.51400984527258,"PYRt2":-3.925226304372516e-9,"EX_acald_e":4.226649234257635e-9,"EX_h_e":17.53086538157866,"GLCpts":9.999999996838833,"GLUDy":-4.541857433767174,"CYTBD":43.598985516861035,"FUMt2_2":-0.0,"FRUpts2":-0.0,"GAPD":16.023526104660117,"H2Ot":-29.175827202663395,"PPC":2.504309432527006,"NADH16":38.534609867846264,"PFK":7.477381934086293,"EX_for_e":1.8830131478187457e-8,"MDH":5.064375740962436,"PGI":4.860861010268265,"O2t":21.799492758430517,"ME2":1.4966003544773656e-7,"EX_pyr_e":3.925233717776431e-9,"EX_co2_e":22.80983339307183,"GND":4.959985078605318,"SUCCt2_2":2.397406939068341e-8,"GLUN":9.949535401808381e-9,"EX_fum_e":-0.0,"ETOHt2r":-1.4328098014850943e-9,"ADK1":2.866179256138057e-8,"ACALDt":-4.226641473569044e-9,"SUCDi":495.0640689559442,"EX_lac__D_e":2.3918740173317966e-9,"ENO":14.716139537265631,"MALS":2.897854150014767e-7,"GLUt2r":-3.369909428865404e-9,"PPS":2.866180017151469e-8,"FUM":5.0643756490147585}